AuthorName	TitleName	TagName
Olaguíbel, Francisco M. de	¡Pobre bebé!: Cuentos frívolos	Literatura Hispanoamericana
Othón, Manuel José	Selección de poemas (Othón, Manuel José)	Palabras sinfónicas (audiolibros)
Othón, Manuel José	Selección de poemas (Othón, Manuel José)	Literatura Hispanoamericana
Ovidio	Las metamorfosis	Literatura Universal
Ortega Munilla, José	Lecturas infantiles	Infantil y juvenil
Ortega Munilla, José	El niño de París	Literatura Hispanoamericana
Othón, Manuel José	Cuentos de espantos y novelas rústicas	Literatura Hispanoamericana
Ovidio	Arte de amar	Palabras sinfónicas (audiolibros)
Ovidio	Arte de amar	Literatura Universal
